transaction_id,user_id,product_id,transaction_date,quantity,total_amount
1,1,1,2023-02-10,1,45.99
2,1,6,2023-05-22,1,39.99
3,1,8,2023-09-14,2,85.00
4,1,2,2024-01-18,1,65.50
5,1,7,2024-05-25,1,55.00
6,2,3,2023-02-20,2,30.00
7,2,9,2023-05-15,1,28.00
8,2,4,2023-08-02,1,18.75
9,3,1,2023-03-05,1,45.99
10,3,5,2023-08-19,1,22.00
11,3,6,2024-02-11,2,79.98
12,3,2,2024-06-08,1,65.50
13,4,3,2023-03-25,3,45.00
14,5,8,2023-04-20,1,42.50
15,5,9,2023-09-10,1,28.00
16,5,4,2024-01-14,2,37.50
17,6,7,2023-03-01,1,55.00
18,6,1,2023-06-15,1,45.99
19,6,5,2023-10-22,2,44.00
20,6,6,2024-03-09,1,39.99
21,6,2,2024-06-20,1,65.50
22,7,3,2023-05-30,2,30.00
23,7,9,2023-09-05,1,28.00
24,8,4,2023-04-15,1,18.75
25,8,8,2023-11-02,1,42.50
26,8,7,2024-04-18,1,55.00
27,9,1,2024-06-02,1,45.99
28,9,6,2024-06-25,1,39.99
29,10,3,2023-02-01,1,15.00
30,10,5,2023-05-10,1,22.00
31,10,9,2023-08-14,1,28.00
32,10,2,2023-12-20,1,65.50
33,10,1,2024-03-18,1,45.99
34,10,7,2024-06-15,1,55.00
35,11,4,2023-07-28,2,37.50
36,12,3,2023-05-05,1,15.00
37,12,9,2023-08-30,1,28.00
38,13,8,2023-09-20,1,42.50
39,13,2,2024-06-10,1,65.50
40,14,5,2023-06-15,1,22.00
41,14,4,2023-10-10,1,18.75
42,14,7,2024-03-22,1,55.00
43,15,3,2023-09-25,1,15.00
44,16,1,2023-07-10,1,45.99
45,16,6,2023-11-15,1,39.99
46,16,9,2024-02-20,1,28.00
47,16,2,2024-05-28,1,65.50
48,17,8,2023-10-18,1,42.50
49,18,3,2023-07-20,2,30.00
50,18,4,2023-10-05,1,18.75
51,19,9,2023-11-30,1,28.00
52,20,5,2023-09-10,1,22.00
53,20,1,2023-12-15,1,45.99
54,20,7,2024-04-05,1,55.00